design,source,hte,n,p,reps,G,R2_tau,PATE,IREG_HC1,IREG_HC1c,IREG_HC2,IREG_HC2c,IREG_HC3,IREG_HC3c,REG_HC1,REG_HC3,IREG_HC1_mcse,IREG_HC1c_mcse,IREG_HC2_mcse,IREG_HC2c_mcse,IREG_HC3_mcse,IREG_HC3c_mcse,REG_HC1_mcse,REG_HC3_mcse,IREG_HC1o,IREG_HC3o,plug_mean,plug_median,G_over_n,plug_mean_over_G_over_n,HC1_width_ratio_median,HC1_frac_miss_to_cover,frac_rank_deficient,frac_leverage_one
gauss_quad,"current paper, Section 3 (r/gamma0_sim.R)",False,500,1,20000,0.0,0.0,1.0,0.94885,0.949,0.94925,0.94935,0.95025,0.9506,0.94865,0.94995,0.001557781716095038,0.0015556188479187317,0.0015520057586877693,0.0015505576013163777,0.0015374481698580927,0.0015323126312864485,0.0015606597563210247,0.0015418332837891396,,,3.092835281603248e-05,1.39529836768553e-05,0.0,,1.000741333182761,0.00015,0.0,0.0
lognormal_s0.6_prop,"current paper, Section 3 (r/gamma0_sim.R)",False,500,1,20000,0.0,0.0,1.0,0.94525,0.9468,0.94665,0.94785,0.9485,0.9498,0.9468,0.9486,0.0016086086767763,0.001586974479946039,0.0015890842881987098,0.0015721065087963987,0.0015628139684556186,0.001544020077589667,0.001586974479946039,0.0015613782373275222,,,0.0002991978726150778,0.000127169869417447,0.0,,1.0014850748517161,0.00155,0.0,0.0
lognormal_s0.8_prop,"current paper, Section 3 (r/gamma0_sim.R)",False,500,1,20000,0.0,0.0,1.0,0.9441,0.94725,0.9462,0.9498,0.9509,0.95375,0.94735,0.9508,0.0016244258985869432,0.0015806238878999642,0.0015953927416156807,0.001544020077589667,0.0015278938117552546,0.0014851083714665406,0.001579208306399127,0.0015293684971255297,,,0.000937149316705317,0.0003525922002342525,0.0,,1.0031297876842697,0.00315,0.0,0.0
lognormal_s1.0_log,"current paper, Section 3 (r/gamma0_sim.R)",False,500,1,20000,0.0,0.0,1.0,0.9451,0.95105,0.95025,0.95515,0.9569,0.9609,0.9505,0.9563,0.0016106829296916255,0.0015256784966040527,0.0015374481698580927,0.0014635313030475288,0.001436008182427942,0.001370605523117429,0.0015337820901288421,0.0014455156519387808,,,0.00077266355041625,0.00023672214895160601,0.0,,1.0060067322681694,0.00595,0.0,0.0
lognormal_s1.0_log_prop,"current paper, Section 3 (r/gamma0_sim.R)",False,500,1,20000,0.0,0.0,1.0,0.9423,0.94905,0.94735,0.9537,0.9547,0.96,0.94915,0.95605,0.0016487981986889719,0.0015548970625092846,0.001579208306399127,0.0014858719662205085,0.001470508585490068,0.0013856406460551025,0.0015534522441967753,0.0014494550268980414,,,0.004134125907422494,0.001285052499817425,0.0,,1.00683434446697,0.00675,0.0,0.0
lognormal_s1.0_prop,"current paper, Section 3 (r/gamma0_sim.R)",False,500,1,20000,0.0,0.0,1.0,0.94225,0.95015,0.94715,0.9537,0.9537,0.9595,0.951,0.9576,0.0016494686644492518,0.0015389115877788425,0.0015820378867144737,0.0014858719662205085,0.0014858719662205085,0.0013939108651560184,0.0015264173741149573,0.0014248199886301427,,,0.0033565474623434306,0.0010649773538202651,0.0,,1.0064753835252276,0.0079,0.0,0.0
lognormal_s1.0_prop_p5_n200,"current paper, Section 3 (r/gamma0_sim.R)",False,200,5,20000,0.0,0.0,1.0,0.93055,0.9487,0.9385,0.95475,0.95545,0.96625,0.94885,0.96065,0.0017975914093586454,0.001559940864263771,0.0016987900105663442,0.0014697353078020547,0.001458857386792828,0.0012769286882986057,0.001557781716095038,0.0013748013947476195,,,0.01941648862818962,0.009279411537281759,0.0,,1.0235616288470073,0.01815,0.0,0.0
lognormal_s1.0_prop_p5_n500,"current paper, Section 3 (r/gamma0_sim.R)",False,500,5,20000,0.0,0.0,1.0,0.9425,0.95085,0.94735,0.95455,0.9547,0.96125,0.95075,0.95715,0.0016461128454635181,0.0015286313731570477,0.001579208306399127,0.0014728254733674317,0.001470508585490068,0.0013647057833100868,0.0015301051842928973,0.0014320243974876973,,,0.004080105776390631,0.001856401392945345,0.0,,1.0110234306462493,0.00835,0.0,0.0
lognormal_s1.0_quadstd,"current paper, Section 3 (r/gamma0_sim.R)",False,500,1,20000,0.0,0.0,1.0,0.93005,0.951,0.94465,0.95865,0.95665,0.96545,0.9507,0.96205,0.0018035658776435082,0.0015264173741149573,0.0016168855478975624,0.0014078383696291275,0.0014399787758852557,0.0012914390713463792,0.001530841435289756,0.0013511069073171085,,,0.010747574712058823,0.0004390732288232275,0.0,,1.017079622480926,0.02095,0.0,0.0
lognormal_s1.2_prop,"current paper, Section 3 (r/gamma0_sim.R)",False,500,1,20000,0.0,0.0,1.0,0.92565,0.9461,0.9372,0.9524,0.9509,0.9621,0.948,0.95835,0.0018550212599859877,0.001596790374469986,0.001715461453953425,0.0015055603607959393,0.0015278938117552546,0.0013502516432132203,0.00156996815254323,0.0014127150721217631,,,0.014008275587381897,0.0034369699540483453,0.0,,1.012441348226741,0.02045,0.0,0.0
lognormal_s1.2_prop_n200,"current paper, Section 3 (r/gamma0_sim.R)",False,200,1,20000,0.0,0.0,1.0,0.91315,0.9446,0.9277,0.95515,0.94855,0.9666,0.9483,0.96405,0.0019913196315508967,0.0016175728731652246,0.0018312933953902638,0.0014635313030475288,0.0015620963078504474,0.0012705203658344086,0.0015656805229675684,0.0013163889527795353,,,0.053062081972206125,0.0131070789790021,0.0,,1.021594210854301,0.03145,0.0,0.0
lognormal_s1.2_prop_n2000,"current paper, Section 3 (r/gamma0_sim.R)",False,2000,1,10000,0.0,0.0,1.0,0.9457,0.9522,0.9494,0.9567,0.9559,0.9604,0.9536,0.9583,0.0022660871563115136,0.0021334282270561613,0.0021917946984149764,0.002035315945989713,0.0020531729103999015,0.0019501753767289744,0.0021034980389817337,0.0019990275135675336,,,0.001577785692741968,0.0004317208812216705,0.0,,1.005380569065605,0.0065,0.0,0.0
lognormal_s1.2_prop_n8000,"current paper, Section 3 (r/gamma0_sim.R)",False,8000,1,4000,0.0,0.0,1.0,0.94525,0.94775,0.94775,0.94875,0.94875,0.94975,0.9475,0.9495,0.0035969583504677936,0.0035185201967588594,0.0035185201967588594,0.0034865254014562986,0.0034865254014562986,0.0034541618918342556,0.0035264624625820132,0.003462287899640929,,,0.00019159044652668333,4.637276864270325e-05,0.0,,1.0021553817520037,0.0025,0.0,0.0
lognormal_s1.5_prop,"current paper, Section 3 (r/gamma0_sim.R)",False,500,1,20000,0.0,0.0,1.0,0.899,0.946,0.9192,0.9569,0.9474,0.9698,0.9497,0.9671,0.0021307158421525847,0.0015981864722240651,0.0019270620124946678,0.001436008182427942,0.0015784999208108942,0.0012101231342305627,0.001545475816698534,0.001261300717513473,,,0.12631582518688111,0.02162242597292735,0.0,,1.0283060755614417,0.047,0.0,0.0
lognormal_s1.8_prop,"current paper, Section 3 (r/gamma0_sim.R)",False,500,1,20000,0.0,0.0,1.0,0.8605,0.94915,0.89205,0.9624,0.941,0.97575,0.9507,0.97445,0.0024498954059306286,0.0015534522441967753,0.002194274339046966,0.0013451066872185262,0.0016661182431028125,0.0010877025673409067,0.001530841435289756,0.0011157328869402382,,,1.2252502209082126,0.1323912454983785,0.0,,1.052841443100084,0.08865,0.0,0.0
lognormal_s2.0_prop,"current paper, Section 3 (r/gamma0_sim.R)",False,500,1,20000,0.0,0.0,1.0,0.8297,0.95125,0.8712,0.96545,0.9386,0.98055,0.95305,0.9787,0.002657987114340474,0.0015227185803686767,0.00236865531473028,0.0012914390713463792,0.001697498748158596,0.0009765167049262384,0.0014957556200796982,0.0010209385387965327,,,5.511617821150885,0.445782899251721,0.0,,1.07253084581563,0.12155,0.0,0.0
rare_q0.02_homo,"current paper, Section 3 (r/gamma0_sim.R)",False,500,1,20000,0.0,0.0,1.0,0.9467,0.94705,0.90855,0.9088,0.94735,0.9482,0.9495,0.95025,0.001588381408856198,0.001583450307082607,0.002038221007398364,0.002035713142856821,0.001579208306399127,0.00156711135532865,0.0015483822202544174,0.0015374481698580927,,,1.8452184224508308e-05,8.429908777902374e-06,0.0,,1.0005113157677896,0.00035,0.0129,0.06645
rare_q0.02_prop,"current paper, Section 3 (r/gamma0_sim.R)",False,500,1,20000,0.0,0.0,1.0,0.9201,0.9377,0.90145,0.9168,0.9476,0.95955,0.9491,0.95975,0.0019172374657303144,0.0017090744571258449,0.0021075803365471035,0.0019529178170112542,0.001575662400389119,0.0013930864563981662,0.0015541748614618619,0.0013897830316275993,,,0.0011376514766660564,0.000503486850483122,0.0,,1.0135645450752426,0.0176,0.01365,0.06125
gauss_iid_n1000_p10,prev_table3,True,1000,10,10000,0.09,0.022004889975550123,1.0,0.9439,0.9473,0.9439,0.9473,0.9465,0.9504,0.947,0.9477,0.002301147322532828,0.0022343390521583776,0.002301147322532828,0.0022343390521583776,0.0022502833154960733,0.0021711711125565387,0.0022403347964087875,0.002226313320267388,0.9464,0.9495,0.00013007800935426817,0.00012579504237472837,8.999999999999999e-05,1.4453112150474243,1.0154286255493257,0.0034,0.0,0.0
gauss_iid_n1000_p2,prev_table3,True,1000,2,10000,0.09,0.022004889975550123,1.0,0.9465,0.9488,0.9465,0.9488,0.9467,0.9492,0.9489,0.9492,0.0022502833154960733,0.0022040544457884886,0.0022502833154960733,0.0022040544457884886,0.0022463105306257196,0.0021958907076628374,0.0022020170299068996,0.0021958907076628374,0.9485,0.9488,9.790389562361042e-05,9.394604494791412e-05,8.999999999999999e-05,1.0878210624845603,1.0116157714409946,0.0023,0.0,0.0
gauss_iid_n1000_p5,prev_table3,True,1000,5,10000,0.09,0.022004889975550123,1.0,0.9452,0.9481,0.9452,0.9483,0.9468,0.9499,0.9474,0.9483,0.002275894549402497,0.00221825133832936,0.002275894549402497,0.0022142066299241352,0.0022443208326796775,0.002181513007066427,0.0022323359962156232,0.0022142066299241352,0.9482,0.949,0.00011091337119567839,0.00010712305111593256,8.999999999999999e-05,1.2323707910630932,1.013226483845153,0.0029,0.0,0.0
gauss_iid_n500_p5,prev_table1,True,500,5,20000,0.09,0.022004889975550123,1.0,0.94745,0.95055,0.9475,0.95065,0.9497,0.9534,0.95005,0.9517,0.001577791137952042,0.0015330475775395883,0.001577081957286938,0.0015315772507451266,0.001545475816698534,0.0014904435581396562,0.0015403732907967478,0.0015160328162675109,0.94945,0.9523,0.0002618947356748372,0.000246766780239889,0.00017999999999999998,1.454970753749096,1.0151736949885177,0.0031,0.0,0.0
gauss_indep_arms_n500_p5,prev_table1,True,500,5,20000,0.09,0.022004889975550123,1.0,0.9479,0.9514,0.94785,0.95135,0.95025,0.95355,0.95015,0.9517,0.0015713941262458639,0.0015204939986727996,0.0015721065087963987,0.0015212359695326687,0.0015374481698580927,0.0014881598956429378,0.0015389115877788425,0.0015160328162675109,0.94995,0.9527,0.0002604914188023902,0.0002452876142464344,0.00017999999999999998,1.447174548902168,1.0151021470684878,0.0035,0.0,0.0
heavy_het_n500_p5,prev_table1,True,500,5,20000,0.25000000000000006,0.015727537329230396,1.0,0.93345,0.9477,0.93865,0.9522,0.95285,0.9618,0.94785,0.95645,0.0017624003163299762,0.001574241245807008,0.0016968526379741997,0.0015085615665262051,0.0014987807961806827,0.001355373749192451,0.0015721065087963987,0.0014431458259649298,0.93535,0.95485,0.0029081371649100655,0.0008468043874766942,0.0005000000000000001,5.816274329820129,1.0165474675198198,0.01425,0.0,0.0
heavy_tail_example,current paper (run_example.py),True,500,1,100000,56.37935020714389,0.0094142022296205,2.51592709496916,0.85558,0.94363,0.88895,0.95752,0.94019,0.97287,0.94374,0.96729,0.0011115883392695336,0.0007293313588486377,0.000993568807380747,0.0006377730756311368,0.0007498850838628544,0.0005137505532843735,0.000728661872201366,0.0005624949413105865,0.86456,0.94461,3.5069922169114673,0.3208797585739657,0.11275870041428777,31.10174384793719,1.0574049358594548,0.08805,0.0,0.0
intro_example,current paper (run_example.py),True,500,1,100000,0.27202541540229297,0.0032441018118543135,1.5508511057343828,0.94484,0.94953,0.94774,0.95254,0.95238,0.95622,0.94976,0.95413,0.0007219236413915255,0.00069226280486532,0.000703767663366256,0.0006723655880545936,0.0006734414272971332,0.0006470186365167547,0.0006907672719519936,0.000661558335296291,0.9452,0.9527,0.0038380145786924107,0.001498920938118711,0.000544050830804586,7.054514691240241,1.0047505788343194,0.00469,0.0,0.0
large_hte_n1000_p10,prev_table3,True,1000,10,10000,9.0,0.6923076923076923,1.0,0.7217,0.9519,0.7216,0.9519,0.7268,0.9529,0.9513,0.9533,0.004481619238623468,0.002139775455509293,0.004482113787042895,0.002139775455509293,0.004456026929900671,0.002118527554694534,0.00215240121724552,0.002109955212794811,0.9518,0.9526,0.009037418452777876,0.00902596715641873,0.009,1.0041576058642085,1.7991144995970239,0.2302,0.0,0.0
large_hte_n1000_p2,prev_table3,True,1000,2,10000,9.0,0.6923076923076923,1.0,0.7204,0.9499,0.7204,0.9499,0.7217,0.9504,0.9497,0.9507,0.004488026737888267,0.002181513007066427,0.004488026737888267,0.002181513007066427,0.004481619238623468,0.0021711711125565387,0.002185632860294702,0.0021649367196294677,0.9505,0.9506,0.009008428513116113,0.008998451161489136,0.009,1.000936501457346,1.8019408620917836,0.2295,0.0,0.0
large_hte_n1000_p5,prev_table3,True,1000,5,10000,9.0,0.6923076923076923,1.0,0.7243,0.9493,0.7243,0.9493,0.7277,0.9497,0.9494,0.9506,0.004468663222933677,0.002193843886879829,0.004468663222933677,0.002193843886879829,0.004451434712539317,0.002185632860294702,0.0021917946984149764,0.0021670173049608992,0.9496,0.9499,0.00901930705024715,0.009010599758092451,0.009,1.002145227805239,1.8003751071073284,0.225,0.0,0.0
large_hte_n500_p5,prev_table1,True,500,5,20000,9.0,0.6923076923076923,1.0,0.72745,0.9518,0.7274,0.9518,0.73265,0.9528,0.9524,0.9546,0.0031485432941282545,0.0015145421750482886,0.003148723868490217,0.0015145421750482886,0.0031294885964003767,0.001499535928212459,0.0015055603607959393,0.001472053667499932,0.9514,0.9526,0.01808699214026953,0.018035199352348017,0.018,1.0048328966816404,1.7989969430868125,0.22435,0.0,0.0
misspec_n1000_p10,prev_table3,False,1000,10,10000,0.0,0.0,1.0,0.9523,0.9533,0.9525,0.9535,0.9546,0.9556,0.9522,0.9539,0.002131307345269564,0.002109955212794811,0.002127057827140578,0.0021056531053333543,0.0020817982611194582,0.00205982135147687,0.0021334282270561613,0.002097016690443832,,,5.006047813324212e-05,4.6812490800432426e-05,0.0,,1.0049592231581959,0.001,0.0,0.0
misspec_n1000_p2,prev_table3,False,1000,2,10000,0.0,0.0,1.0,0.9503,0.9507,0.9507,0.9508,0.9514,0.9516,0.9504,0.9509,0.0021732443488940672,0.0021649367196294677,0.0021649367196294677,0.002162853670501082,0.0021503032344299716,0.002146099718093267,0.0021711711125565387,0.0021607681504502057,,,1.2211599267364272e-05,8.241325516279348e-06,0.0,,1.0008810283228282,0.0004,0.0,0.0
misspec_n1000_p5,prev_table3,False,1000,5,10000,0.0,0.0,1.0,0.9521,0.9525,0.9522,0.9525,0.9533,0.9541,0.9521,0.9528,0.0021355465342623664,0.002127057827140578,0.0021334282270561613,0.002127057827140578,0.002109955212794811,0.0020926822501278123,0.0021355465342623664,0.0021206640469437874,,,2.625253895847189e-05,2.2404171482686636e-05,0.0,,1.0023958995689166,0.0004,0.0,0.0
null_hte_n500_p5,prev_table1,False,500,5,20000,0.0,0.0,1.0,0.9454,0.95005,0.94875,0.95275,0.9545,0.9579,0.9499,0.95395,0.0016065310454516585,0.0015403732907967478,0.0015592215605872057,0.001500290596851157,0.001473596790170228,0.0014199927816717947,0.001542562640543327,0.0014820492147698745,,,0.0008673782418098938,0.00047035381382525216,0.0,,1.0088381934704984,0.00465,0.0,0.0
rare_extreme_n500_p5,prev_table1,True,500,5,20000,1.0,0.2,1.0,0.90915,0.93905,0.9096,0.9391,0.9133,0.94145,0.9441,0.951,0.002032194349711661,0.0016916722126345866,0.002027656775689614,0.0016910232109583825,0.00198976267429058,0.0016601490520432192,0.0016244258985869432,0.0015264173741149573,0.9385,0.9408,0.0020898811596678293,0.0020351733873003866,0.002,1.0449405798339146,1.1186859136144252,0.0299,0.0136,0.06315
skew_het_n1000_p10,prev_table3,True,1000,10,10000,0.09000000000000001,0.004999848409468129,1.0,0.9423,0.9465,0.9444,0.9482,0.9505,0.954,0.9449,0.9487,0.0023317527742022733,0.0022502833154960733,0.002291476379978637,0.0022162301324546592,0.0021690954335851615,0.002094850830011532,0.0022817534923825584,0.002206089526741832,0.9429,0.9512,0.00047917273191416517,0.00030223987243428323,9e-05,5.3241414657129456,1.008646129068088,0.0042,0.0,0.0
skew_het_n1000_p2,prev_table3,True,1000,2,10000,0.09000000000000001,0.008184471822932126,1.0,0.9477,0.9511,0.9497,0.9529,0.9542,0.9568,0.9509,0.955,0.002226313320267388,0.002156589668898561,0.002185632860294702,0.002118527554694534,0.0020905109423296486,0.002033070584116548,0.0021607681504502057,0.002073041244162789,0.9484,0.9549,0.00028864680363130645,0.00011922176290306925,9e-05,3.207186707014516,1.0058669223845156,0.0034,0.0,0.0
skew_het_n1000_p5,prev_table3,True,1000,5,10000,0.09000000000000001,0.006358646566191941,1.0,0.9487,0.9523,0.9505,0.9539,0.9543,0.9578,0.9518,0.9547,0.002206089526741832,0.002131307345269564,0.0021690954335851615,0.002097016690443832,0.0020883368981081565,0.002010451690541208,0.002141886084739336,0.00207961318518613,0.9492,0.9554,0.0003483607264184305,0.00017955966179173646,9e-05,3.8706747379825606,1.0065881756222455,0.0036,0.0,0.0
skew_het_n500_p5,prev_table1,True,500,5,20000,0.09000000000000001,0.006358646566191941,1.0,0.9449,0.9507,0.94765,0.95275,0.95495,0.9592,0.94915,0.9549,0.0016134433674597946,0.001530841435289756,0.0015749520230787985,0.001500290596851157,0.0014666372676977774,0.0013988452380445798,0.0015534522441967753,0.0014674125186872305,0.9459,0.95575,0.001037044633513688,0.0005570540685525889,0.00018,5.761359075076044,1.0104367487816202,0.0058,0.0,0.0
